Entity,Date,Partially_vaccinated,Fully_vaccinated,people_vaccinated_per_hundred,people_fully_vaccinated_per_hundred
Malaysia,24/02/2021,61,3,0,0
Malaysia,25/02/2021,1207,5,0,0
Malaysia,26/02/2021,5265,8,0.02,0
Malaysia,27/02/2021,11957,14,0.04,0
Malaysia,28/02/2021,18665,19,0.06,0
Malaysia,1/3/2021,34050,25,0.1,0
Malaysia,2/3/2021,55731,30,0.17,0
Malaysia,3/3/2021,78412,36,0.24,0
Malaysia,4/3/2021,97951,48,0.3,0
Malaysia,5/3/2021,112313,55,0.34,0
Malaysia,6/3/2021,128104,58,0.39,0
Malaysia,7/3/2021,140671,64,0.43,0
Malaysia,8/3/2021,167857,78,0.51,0
Malaysia,9/3/2021,197919,140,0.6,0
Malaysia,10/3/2021,226685,151,0.69,0
Malaysia,11/3/2021,253195,159,0.77,0
Malaysia,12/3/2021,279308,168,0.85,0
Malaysia,13/03/2021,296360,170,0.9,0
Malaysia,14/03/2021,306661,174,0.94,0
Malaysia,15/03/2021,326829,177,1,0
Malaysia,16/03/2021,352182,183,1.07,0
Malaysia,17/03/2021,372971,246,1.14,0
Malaysia,18/03/2021,390283,1043,1.19,0
Malaysia,19/03/2021,401021,4876,1.22,0.01
Malaysia,20/03/2021,408724,10978,1.25,0.03
Malaysia,21/03/2021,418435,16815,1.28,0.05
Malaysia,22/03/2021,428152,31390,1.31,0.1
Malaysia,23/03/2021,436454,52262,1.33,0.16
Malaysia,24/03/2021,442739,75078,1.35,0.23
Malaysia,25/03/2021,449170,94441,1.37,0.29
Malaysia,26/03/2021,453100,107204,1.38,0.33
Malaysia,27/03/2021,454807,121636,1.39,0.37
Malaysia,28/03/2021,458486,134547,1.4,0.41
Malaysia,29/03/2021,466347,161911,1.42,0.49
Malaysia,30/03/2021,477864,191315,1.46,0.58
Malaysia,31/03/2021,487791,218830,1.49,0.67
Malaysia,1/4/2021,503667,245383,1.54,0.75
Malaysia,2/4/2021,511245,268284,1.56,0.82
Malaysia,3/4/2021,513896,283027,1.57,0.86
Malaysia,4/4/2021,519842,292179,1.59,0.89
Malaysia,5/4/2021,529038,311470,1.61,0.95
Malaysia,6/4/2021,540045,333048,1.65,1.02
Malaysia,7/4/2021,552740,351366,1.69,1.07
Malaysia,8/4/2021,564827,366172,1.72,1.12
Malaysia,9/4/2021,572053,380562,1.75,1.16
Malaysia,10/4/2021,577724,390627,1.76,1.19
Malaysia,11/4/2021,590200,401341,1.8,1.22
Malaysia,12/4/2021,615559,415296,1.88,1.27
Malaysia,13/04/2021,632376,422995,1.93,1.29
Malaysia,14/04/2021,653316,430743,1.99,1.31
Malaysia,15/04/2021,671415,439910,2.05,1.34
Malaysia,16/04/2021,687043,443832,2.1,1.35
Malaysia,17/04/2021,695614,444944,2.12,1.36
Malaysia,18/04/2021,701706,448706,2.14,1.37
Malaysia,19/04/2021,726371,457190,2.22,1.39
Malaysia,20/04/2021,748452,468470,2.28,1.43
Malaysia,21/04/2021,764274,480335,2.33,1.47
Malaysia,22/04/2021,778663,495508,2.38,1.51
Malaysia,23/04/2021,790879,502197,2.41,1.53
Malaysia,24/04/2021,798864,505562,2.44,1.54
Malaysia,25/04/2021,807970,511286,2.47,1.56
Malaysia,26/04/2021,829332,520228,2.53,1.59
Malaysia,27/04/2021,852152,532098,2.6,1.62
Malaysia,28/04/2021,878610,545330,2.68,1.66
Malaysia,29/04/2021,885077,551394,2.7,1.68
Malaysia,30/04/2021,902854,560310,2.75,1.71
Malaysia,1/5/2021,905781,562878,2.76,1.72
Malaysia,2/5/2021,913435,571000,2.79,1.74
Malaysia,3/5/2021,937964,597741,2.86,1.82
Malaysia,4/5/2021,968099,617444,2.95,1.88
Malaysia,5/5/2021,1000196,640350,3.05,1.95
Malaysia,6/5/2021,1037258,659134,3.16,2.01
Malaysia,7/5/2021,1069604,674620,3.26,2.06
Malaysia,8/5/2021,1088294,683061,3.32,2.08
Malaysia,9/5/2021,1114191,689666,3.4,2.1
Malaysia,10/5/2021,1150903,714530,3.51,2.18
Malaysia,11/5/2021,1181424,732986,3.6,2.24
Malaysia,12/5/2021,1191755,740812,3.64,2.26
Malaysia,13/05/2021,1191867,740822,3.64,2.26
Malaysia,14/05/2021,1191927,740831,3.64,2.26
Malaysia,15/05/2021,1202253,741435,3.67,2.26
Malaysia,16/05/2021,1212241,741769,3.7,2.26
Malaysia,17/05/2021,1244718,769975,3.8,2.35
Malaysia,18/05/2021,1290515,802359,3.94,2.45
Malaysia,19/05/2021,1340711,836497,4.09,2.55
Malaysia,20/05/2021,1399957,858494,4.27,2.62
Malaysia,21/05/2021,1442183,877386,4.4,2.68
Malaysia,22/05/2021,1485377,880739,4.53,2.69
Malaysia,23/05/2021,1523388,889156,4.65,2.71
Malaysia,24/05/2021,1593099,915287,4.86,2.79
Malaysia,25/05/2021,1662909,946066,5.07,2.89
Malaysia,26/05/2021,1683406,947975,5.14,2.89
Malaysia,27/05/2021,1742289,997611,5.32,3.04
Malaysia,28/05/2021,1789232,1025187,5.46,3.13
Malaysia,29/05/2021,1840322,1040259,5.61,3.17
Malaysia,30/05/2021,1878725,1064684,5.73,3.25
Malaysia,31/05/2021,1946377,1093385,5.94,3.34
Malaysia,1/6/2021,2021832,1117844,6.17,3.41
Malaysia,2/6/2021,2118862,1127739,6.46,3.44
Malaysia,3/6/2021,2230273,1135608,6.8,3.46
Malaysia,4/6/2021,2316722,1140591,7.07,3.48
Malaysia,5/6/2021,2388908,1141991,7.29,3.48
Malaysia,6/6/2021,2470063,1143605,7.54,3.49
Malaysia,7/6/2021,2530859,1148704,7.72,3.5
Malaysia,8/6/2021,2639343,1195050,8.05,3.65
Malaysia,9/6/2021,2755645,1235813,8.41,3.77
Malaysia,10/6/2021,2869423,1283264,8.75,3.92
Malaysia,11/6/2021,2965470,1313541,9.05,4.01
Malaysia,12/6/2021,3068827,1347607,9.36,4.11
Malaysia,13/06/2021,3173756,1374594,9.68,4.19
Malaysia,14/06/2021,3321670,1430513,10.13,4.36
Malaysia,15/06/2021,3488352,1486708,10.64,4.54
Malaysia,16/06/2021,3694333,1494987,11.27,4.56
Malaysia,17/06/2021,3879256,1539391,11.84,4.7
Malaysia,18/06/2021,4032070,1572136,12.3,4.8
Malaysia,19/06/2021,4167675,1608435,12.72,4.91
Malaysia,20/06/2021,4290054,1632676,13.09,4.98
Malaysia,21/06/2021,4480199,1687380,13.67,5.15
Malaysia,22/06/2021,4679222,1748402,14.28,5.33
Malaysia,23/06/2021,4864086,1828528,14.84,5.58
Malaysia,24/06/2021,5046861,1923268,15.4,5.87
Malaysia,25/06/2021,5201067,1991541,15.87,6.08
Malaysia,26/06/2021,5342644,2047883,16.3,6.25
Malaysia,27/06/2021,5454267,2114078,16.64,6.45
Malaysia,28/06/2021,5620433,2157686,17.15,6.58
Malaysia,29/06/2021,5779159,2243147,17.63,6.84
Malaysia,30/06/2021,5952931,2339917,18.16,7.14
Malaysia,1/7/2021,6136561,2426469,18.72,7.4
Malaysia,2/7/2021,6306614,2497140,19.24,7.62
Malaysia,3/7/2021,6451297,2576449,19.68,7.86
Malaysia,4/7/2021,6586250,2657199,20.09,8.11
Malaysia,5/7/2021,6792669,2778557,20.72,8.48
Malaysia,6/7/2021,7009622,2917627,21.39,8.9
Malaysia,7/7/2021,7228317,3093939,22.05,9.44
Malaysia,8/7/2021,7458183,3254375,22.75,9.93
Malaysia,9/7/2021,7678753,3383963,23.43,10.32
Malaysia,10/7/2021,7898387,3500467,24.1,10.68
Malaysia,11/7/2021,8093028,3603805,24.69,11
Malaysia,12/7/2021,8364692,3766175,25.52,11.49
Malaysia,13/07/2021,8633000,3937432,26.34,12.01
Malaysia,14/07/2021,8927992,4101233,27.24,12.51
Malaysia,15/07/2021,9245488,4262087,28.21,13
Malaysia,16/07/2021,9528936,4395997,29.07,13.41
Malaysia,17/07/2021,9793141,4527527,29.88,13.81
Malaysia,18/07/2021,10045283,4631463,30.65,14.13
Malaysia,19/07/2021,10333687,4785745,31.53,14.6
Malaysia,20/07/2021,10541964,4889117,32.16,14.92
Malaysia,21/07/2021,10830529,5059487,33.04,15.44
Malaysia,22/07/2021,11173523,5236181,34.09,15.98
Malaysia,23/07/2021,11487740,5400586,35.05,16.48
Malaysia,24/07/2021,11783415,5538084,35.95,16.9
Malaysia,25/07/2021,12075650,5663012,36.84,17.28
Malaysia,26/07/2021,12418061,5858530,37.89,17.87
Malaysia,27/07/2021,12784231,6064302,39,18.5
Malaysia,28/07/2021,13159133,6271313,40.15,19.13
Malaysia,29/07/2021,13521881,6489798,41.26,19.8
Malaysia,30/07/2021,13854420,6692736,42.27,20.42
Malaysia,31/07/2021,14190195,6900240,43.29,21.05
Malaysia,1/8/2021,14500423,7085685,44.24,21.62
Malaysia,2/8/2021,14737198,7337688,44.96,22.39
Malaysia,3/8/2021,14990928,7588497,45.74,23.15
Malaysia,4/8/2021,15233651,7861738,46.48,23.99
Malaysia,5/8/2021,15469392,8164475,47.2,24.91
Malaysia,6/8/2021,15674474,8430191,47.82,25.72
Malaysia,7/8/2021,15879286,8677262,48.45,26.47
Malaysia,8/8/2021,16051483,8916816,48.97,27.21
Malaysia,9/8/2021,16254731,9201308,49.59,28.07
Malaysia,10/8/2021,16431631,9402561,50.13,28.69
Malaysia,11/8/2021,16676536,9677073,50.88,29.52
Malaysia,12/8/2021,16894901,10010754,51.55,30.54
Malaysia,13/08/2021,17080742,10321563,52.11,31.49
Malaysia,14/08/2021,17261826,10611043,52.67,32.37
Malaysia,15/08/2021,17419915,10892621,53.15,33.23
Malaysia,16/08/2021,17610956,11227619,53.73,34.26
Malaysia,17/08/2021,17810124,11577588,54.34,35.32
Malaysia,18/08/2021,18017387,11942121,54.97,36.44
Malaysia,19/08/2021,18214522,12293799,55.57,37.51
Malaysia,20/08/2021,18387627,12635011,56.1,38.55
Malaysia,21/08/2021,18563005,12960484,56.64,39.54
Malaysia,22/08/2021,18714049,13274717,57.1,40.5
Malaysia,23/08/2021,18876576,13531019,57.59,41.28
Malaysia,24/08/2021,19046576,13807406,58.11,42.13
Malaysia,25/08/2021,19223111,14082436,58.65,42.97
Malaysia,26/08/2021,19397447,14349289,59.18,43.78
Malaysia,27/08/2021,19558094,14567240,59.67,44.44
Malaysia,28/08/2021,19728021,14777353,60.19,45.09
Malaysia,29/08/2021,19889881,14955233,60.68,45.63
Malaysia,30/08/2021,20090200,15150933,61.3,46.23
Malaysia,31/08/2021,20221961,15309016,61.7,46.71
Malaysia,1/9/2021,20426089,15538081,62.32,47.41
Malaysia,2/9/2021,20626570,15745466,62.93,48.04
Malaysia,3/9/2021,20789248,15947438,63.43,48.66
Malaysia,4/9/2021,20944681,16134925,63.9,49.23
Malaysia,5/9/2021,21097498,16305384,64.37,49.75
Malaysia,6/9/2021,21243711,16505188,64.81,50.36
Malaysia,7/9/2021,21390660,16712373,65.26,50.99
Malaysia,8/9/2021,21531566,16925324,65.69,51.64
Malaysia,9/9/2021,21680837,17133039,66.15,52.27
Malaysia,10/9/2021,21806858,17330660,66.53,52.88
Malaysia,11/9/2021,21910916,17520096,66.85,53.45
Malaysia,12/9/2021,22001138,17686612,67.13,53.96
Malaysia,13/09/2021,22083408,17859621,67.38,54.49
Malaysia,14/09/2021,22167275,18048817,67.63,55.07
Malaysia,15/09/2021,22245601,18247920,67.87,55.67
Malaysia,16/09/2021,22314944,18402005,68.08,56.14
Malaysia,17/09/2021,22399528,18583794,68.34,56.7
Malaysia,18/09/2021,22483069,18759782,68.6,57.24
Malaysia,19/09/2021,22552725,18931294,68.81,57.76
Malaysia,20/09/2021,22656757,19142277,69.13,58.4
Malaysia,21/09/2021,22787891,19290445,69.53,58.86
Malaysia,22/09/2021,22919810,19504807,69.93,59.51
Malaysia,23/09/2021,23061107,19713367,70.36,60.15
Malaysia,24/09/2021,23185813,19881959,70.74,60.66
Malaysia,25/09/2021,23308270,20039994,71.11,61.14
Malaysia,26/09/2021,23431194,20202285,71.49,61.64
Malaysia,27/09/2021,23608356,20364128,72.03,62.13
Malaysia,28/09/2021,23784808,20534436,72.57,62.65
Malaysia,29/09/2021,23983366,20692806,73.17,63.13
Malaysia,30/09/2021,24158720,20864794,73.71,63.66
Malaysia,1/10/2021,24266107,21008111,74.04,64.1
Malaysia,2/10/2021,24360673,21139038,74.32,64.5
Malaysia,3/10/2021,24460904,21257800,74.63,64.86
Malaysia,4/10/2021,24592542,21364072,75.03,65.18
Malaysia,5/10/2021,24720727,21472615,75.42,65.51
Malaysia,6/10/2021,24838825,21576472,75.78,65.83
Malaysia,7/10/2021,24950991,21671461,76.13,66.12
Malaysia,8/10/2021,25028727,21779451,76.36,66.45
Malaysia,9/10/2021,25071279,21889638,76.49,66.79
Malaysia,10/10/2021,25105181,21993693,76.6,67.1
Malaysia,11/10/2021,25161220,22135824,76.77,67.54
Malaysia,12/10/2021,25220363,22295527,76.95,68.02
Malaysia,13/10/2021,25275113,22457863,77.11,68.52
Malaysia,14/10/2021,25319539,22628807,77.25,69.04
Malaysia,15/10/2021,25358454,22766867,77.37,69.46
Malaysia,16/10/2021,25375549,22884872,77.42,69.82
Malaysia,17/10/2021,25393787,23007671,77.48,70.2
Malaysia,18/10/2021,25427905,23182308,77.58,70.73
Malaysia,19/10/2021,25444069,23305589,77.63,71.11
Malaysia,20/10/2021,25476250,23525891,77.73,71.78
Malaysia,21/10/2021,25510301,23720006,77.83,72.37
Malaysia,22/10/2021,25540268,23839946,77.92,72.74
Malaysia,23/10/2021,25552787,23940494,77.96,73.04
Malaysia,24/10/2021,25565066,24052520,78,73.38
Malaysia,25/10/2021,25590344,24199204,78.08,73.83
Malaysia,26/10/2021,25616496,24340829,78.16,74.26
Malaysia,27/10/2021,25637459,24469192,78.22,74.66
Malaysia,28/10/2021,25658561,24589839,78.28,75.02
Malaysia,29/10/2021,25674839,24674255,78.33,75.28
Malaysia,30/10/2021,25682540,24726111,78.36,75.44
Malaysia,31/10/2021,25689464,24770106,78.38,75.57
Malaysia,1/11/2021,25699672,24828353,78.41,75.75
Malaysia,2/11/2021,25710026,24887254,78.44,75.93
Malaysia,3/11/2021,25719125,24932309,78.47,76.07
Malaysia,4/11/2021,25722434,24951910,78.48,76.13
Malaysia,5/11/2021,25728428,24983823,78.5,76.23
Malaysia,6/11/2021,25733573,24997857,78.51,76.27
Malaysia,7/11/2021,25737373,25012622,78.52,76.31
Malaysia,8/11/2021,25744189,25058376,78.55,76.45
Malaysia,9/11/2021,25752875,25090114,78.57,76.55
Malaysia,10/11/2021,25761262,25130009,78.6,76.67
Malaysia,11/11/2021,25770661,25175094,78.63,76.81
Malaysia,12/11/2021,25778489,25210097,78.65,76.92
Malaysia,13/11/2021,25782286,25226733,78.66,76.97
Malaysia,14/11/2021,25785985,25238275,78.67,77
Malaysia,15/11/2021,25792579,25265831,78.69,77.09
Malaysia,16/11/2021,25799921,25292633,78.72,77.17
Malaysia,17/11/2021,25806538,25314087,78.74,77.23
Malaysia,18/11/2021,25814009,25335763,78.76,77.3
Malaysia,19/11/2021,25821133,25353698,78.78,77.35
Malaysia,20/11/2021,25824226,25360327,78.79,77.37
Malaysia,21/11/2021,25826715,25365534,78.8,77.39
Malaysia,22/11/2021,25831885,25377954,78.81,77.43
Malaysia,23/11/2021,25837384,25388979,78.83,77.46
Malaysia,24/11/2021,25842760,25397998,78.85,77.49
Malaysia,25/11/2021,25848771,25404303,78.86,77.51
Malaysia,26/11/2021,25853767,25411265,78.88,77.53
Malaysia,27/11/2021,25856309,25416784,78.89,77.55
Malaysia,28/11/2021,25858645,25420566,78.89,77.56
Malaysia,29/11/2021,25863366,25427593,78.91,77.58
Malaysia,30/11/2021,25868676,25436516,78.93,77.61
Malaysia,1/12/2021,25874298,25444770,78.94,77.63
Malaysia,2/12/2021,25880004,25453938,78.96,77.66
Malaysia,3/12/2021,25884628,25460954,78.97,77.68
Malaysia,4/12/2021,25888012,25465136,78.98,77.69
Malaysia,5/12/2021,25889853,25467940,78.99,77.7
Malaysia,6/12/2021,25894926,25474362,79.01,77.72
Malaysia,7/12/2021,25899906,25481326,79.02,77.74
Malaysia,8/12/2021,25904873,25487915,79.04,77.76
Malaysia,9/12/2021,25909976,25495581,79.05,77.79
Malaysia,10/12/2021,25910257,25502156,79.05,77.81
Malaysia,11/12/2021,25910398,25504502,79.05,77.81
Malaysia,12/12/2021,25910596,25506503,79.05,77.82
Malaysia,13/12/2021,25910893,25511437,79.05,77.84
Malaysia,14/12/2021,25911136,25516408,79.05,77.85
Malaysia,15/12/2021,25911302,25516713,79.06,77.85
Singapore,10/5/2021,1852684,1284646,33.97,23.56
Singapore,13/05/2021,1900000,1300000,34.84,23.84
Singapore,17/05/2021,1966524,1440544,36.06,26.41
Singapore,24/05/2021,2112450,1616419,38.73,29.64
Singapore,31/05/2021,2281154,1766497,41.83,32.39
Singapore,7/6/2021,2503814,1888253,45.91,34.62
Singapore,14/06/2021,2700446,1990940,49.52,36.51
Singapore,21/06/2021,2971570,2057436,54.49,37.73
Singapore,28/06/2021,3271610,2094193,59.99,38.4
Singapore,2/7/2021,3426468,2125145,62.83,38.97
Singapore,3/7/2021,3550181,2156751,65.1,39.55
Singapore,4/7/2021,3608688,2172015,66.17,39.83
Singapore,5/7/2021,3670862,2187709,67.31,40.11
Singapore,6/7/2021,3729907,2203272,68.39,40.4
Singapore,9/7/2021,3895149,2267975,71.42,41.59
Singapore,12/7/2021,4022809,2367424,73.76,43.41
Singapore,13/07/2021,4052434,2420824,74.31,44.39
Singapore,16/07/2021,4118334,2609367,75.52,47.85
Singapore,17/07/2021,4136551,2676171,75.85,49.07
Singapore,18/07/2021,4153143,2747489,76.15,50.38
Singapore,19/07/2021,4164922,2792430,76.37,51.2
Singapore,20/07/2021,4165024,2792667,76.37,51.21
Singapore,22/07/2021,4201110,2897480,77.03,53.13
Singapore,23/07/2021,4217627,2963275,77.34,54.34
Singapore,24/07/2021,4230379,3020766,77.57,55.39
Singapore,25/07/2021,4242505,3070092,77.79,56.29
Singapore,26/07/2021,4254789,3122180,78.02,57.25
Singapore,27/07/2021,4267577,3158737,78.25,57.92
Singapore,29/07/2021,4290278,3261603,78.67,59.81
Singapore,30/07/2021,4299667,3327272,78.84,61.01
Singapore,31/07/2021,4307602,3391799,78.99,62.19
Singapore,1/8/2021,4313182,3448193,79.09,63.23
Singapore,2/8/2021,4321223,3505975,79.24,64.29
Singapore,3/8/2021,4329956,3561452,79.4,65.3
Singapore,4/8/2021,4337397,3618488,79.53,66.35
Singapore,6/8/2021,4351541,3744802,79.79,68.67
Singapore,7/8/2021,4359495,3807652,79.94,69.82
Singapore,8/8/2021,4367061,3862510,80.08,70.82
Singapore,9/8/2021,4373550,3897650,80.2,71.47
Singapore,11/8/2021,4466037,3992931,81.89,73.22
Singapore,12/8/2021,4485559,4071978,82.25,74.67
Singapore,14/08/2021,4507848,4169030,82.66,76.45
Singapore,19/08/2021,4543481,4266439,83.31,78.23
Singapore,20/08/2021,4551878,4329835,83.47,79.39
Singapore,21/08/2021,4559744,4337317,83.61,79.53
Singapore,22/08/2021,4562947,4340364,83.67,79.59
Singapore,23/08/2021,4567396,4344596,83.75,79.66
Singapore,24/08/2021,4571609,4348604,83.83,79.74
Singapore,25/08/2021,4576105,4355570,83.91,79.87
Singapore,26/08/2021,4580071,4359345,83.98,79.94
Singapore,27/08/2021,4585919,4364911,84.09,80.04
Singapore,28/08/2021,4590629,4424703,84.18,81.13
Singapore,29/08/2021,4593269,4427247,84.22,81.18
Singapore,30/08/2021,4597435,4431263,84.3,81.25
Singapore,31/08/2021,4601255,4434945,84.37,81.32
Singapore,1/9/2021,4604828,4438388,84.44,81.38
Singapore,2/9/2021,4608483,4441911,84.5,81.45
Singapore,11/9/2021,4641315,4475554,85.11,82.07
Singapore,12/9/2021,4642991,4477170,85.14,82.1
Singapore,13/09/2021,4645522,4479610,85.18,82.14
Singapore,14/09/2021,4648305,4482294,85.23,82.19
Singapore,25/09/2021,4680148,4514966,85.82,82.79
Singapore,26/09/2021,4681517,4516287,85.84,82.81
Singapore,28/09/2021,4692489,4526872,86.04,83.01
Singapore,29/09/2021,4693813,4528149,86.07,83.03
Singapore,30/09/2021,4695781,4530048,86.1,83.07
Singapore,1/10/2021,4697603,4531805,86.14,83.1
Singapore,2/10/2021,4698535,4532704,86.15,83.11
Singapore,3/10/2021,4699026,4533178,86.16,83.12
Singapore,4/10/2021,4700524,4589923,86.19,84.16
Singapore,5/10/2021,4702719,4592067,86.23,84.2
Singapore,6/10/2021,4704285,4593596,86.26,84.23
Singapore,7/10/2021,4707177,4596420,86.31,84.28
Singapore,8/10/2021,4711200,4600348,86.39,84.35
Singapore,9/10/2021,4714069,4603150,86.44,84.41
Singapore,10/10/2021,4716546,4605568,86.49,84.45
Singapore,11/10/2021,4720530,4609459,86.56,84.52
Singapore,12/10/2021,4724247,4668668,86.63,85.61
Singapore,13/10/2021,4727310,4671695,86.68,85.66
Singapore,14/10/2021,4730374,4674723,86.74,85.72
Singapore,15/10/2021,4733819,4678127,86.8,85.78
Singapore,16/10/2021,4736518,4680794,86.85,85.83
Singapore,17/10/2021,4738426,4682680,86.89,85.86
Singapore,18/10/2021,4741030,4685253,86.93,85.91
Singapore,19/10/2021,4742997,4687197,86.97,85.95
Singapore,3/12/2021,4744632,4744632,87,87
Thailand,01/04/2021,167235,37407,0.24,0.05
Thailand,02/04/2021,189666,42216,0.27,0.06
Thailand,03/04/2021,201864,42390,0.29,0.06
Thailand,04/04/2021,213948,43536,0.31,0.06
Thailand,05/04/2021,247850,47031,0.35,0.07
Thailand,06/04/2021,274354,49635,0.39,0.07
Thailand,07/04/2021,336808,54944,0.48,0.08
Thailand,08/04/2021,405911,60463,0.58,0.09
Thailand,09/04/2021,470301,67079,0.67,0.1
Thailand,10/04/2021,485957,69439,0.69,0.1
Thailand,11/04/2021,498791,71261,0.71,0.1
Thailand,12/04/2021,505215,73317,0.72,0.1
Thailand,13/04/2021,505744,73561,0.72,0.11
Thailand,15/04/2021,510456,75576,0.73,0.11
Thailand,16/04/2021,523830,81429,0.75,0.12
Thailand,17/04/2021,526706,81815,0.75,0.12
Thailand,18/04/2021,535925,82658,0.77,0.12
Thailand,19/04/2021,571825,94385,0.82,0.13
Thailand,20/04/2021,604947,107663,0.86,0.15
Thailand,21/04/2021,746617,118223,1.07,0.17
Thailand,22/04/2021,834082,130743,1.19,0.19
Thailand,23/04/2021,934449,160996,1.34,0.23
Thailand,24/04/2021,949124,175029,1.36,0.25
Thailand,25/04/2021,972204,177462,1.39,0.25
Thailand,26/04/2021,1012388,214644,1.45,0.31
Thailand,27/04/2021,1038960,240753,1.49,0.34
Thailand,28/04/2021,1059721,284925,1.51,0.41
Thailand,29/04/2021,1075756,335858,1.54,0.48
Thailand,30/04/2021,1095230,381848,1.57,0.55
Thailand,01/05/2021,1097862,386703,1.57,0.55
Thailand,02/05/2021,1099460,387447,1.57,0.55
Thailand,03/05/2021,1106071,392546,1.58,0.56
Thailand,04/05/2021,1150564,422511,1.64,0.6
Thailand,05/05/2021,1167719,434114,1.67,0.62
Thailand,06/05/2021,1201258,450524,1.72,0.64
Thailand,07/05/2021,1262703,467785,1.81,0.67
Thailand,08/05/2021,1273666,470054,1.82,0.67
Thailand,09/05/2021,1296440,513454,1.85,0.73
Thailand,10/05/2021,1365992,532462,1.95,0.76
Thailand,11/05/2021,1372013,563552,1.96,0.81
Thailand,12/05/2021,1395130,645233,1.99,0.92
Thailand,13/05/2021,1416732,708300,2.03,1.01
Thailand,16/05/2021,1482702,781606,2.12,1.12
Thailand,17/05/2021,1521034,819961,2.17,1.17
Thailand,18/05/2021,1585773,859872,2.27,1.23
Thailand,19/05/2021,1647871,892245,2.36,1.28
Thailand,20/05/2021,1726431,921825,2.47,1.32
Thailand,21/05/2021,1849393,962156,2.64,1.38
Thailand,22/05/2021,1898332,966759,2.71,1.38
Thailand,23/05/2021,1941565,969099,2.78,1.39
Thailand,24/05/2021,2044123,980190,2.92,1.4
Thailand,25/05/2021,2157609,989618,3.08,1.41
Thailand,26/05/2021,2214721,994161,3.17,1.42
Thailand,27/05/2021,2319304,1027746,3.32,1.47
Thailand,28/05/2021,2415903,1088222,3.45,1.56
Thailand,29/05/2021,2453807,1094523,3.51,1.56
Thailand,30/05/2021,2498929,1110953,3.57,1.59
Thailand,31/05/2021,2539491,1125368,3.63,1.61
Thailand,01/06/2021,2591372,1162346,3.7,1.66
Thailand,03/06/2021,2727759,1233830,3.9,1.76
Thailand,04/06/2021,2818676,1324268,4.03,1.89
Thailand,05/06/2021,2845287,1345216,4.07,1.92
Thailand,06/06/2021,2855041,1363053,4.08,1.95
Thailand,07/06/2021,3243913,1391028,4.64,1.99
Thailand,08/06/2021,3672372,1434697,5.25,2.05
Thailand,09/06/2021,3966091,1477652,5.67,2.11
Thailand,10/06/2021,4143444,1523614,5.92,2.18
Thailand,11/06/2021,4362685,1612835,6.24,2.31
Thailand,12/06/2021,4456786,1624456,6.37,2.32
Thailand,13/06/2021,4531914,1656210,6.48,2.37
Thailand,14/06/2021,4762063,1749121,6.81,2.5
Thailand,15/06/2021,4948227,1832589,7.07,2.62
Thailand,16/06/2021,5114755,1889028,7.31,2.7
Thailand,17/06/2021,5252531,1967137,7.51,2.81
Thailand,18/06/2021,5434119,2048964,7.77,2.93
Thailand,19/06/2021,5486092,2101086,7.84,3
Thailand,20/06/2021,5526039,2153018,7.9,3.08
Thailand,21/06/2021,5678848,2227848,8.12,3.18
Thailand,22/06/2021,5844521,2303814,8.36,3.29
Thailand,23/06/2021,6017424,2382896,8.6,3.41
Thailand,24/06/2021,6206353,2451070,8.87,3.5
Thailand,25/06/2021,6435308,2546170,9.2,3.64
Thailand,26/06/2021,6475826,2579315,9.26,3.69
Thailand,27/06/2021,6537852,2609661,9.35,3.73
Thailand,28/06/2021,6721038,2695394,9.61,3.85
Thailand,29/06/2021,6910169,2762537,9.88,3.95
Thailand,30/06/2021,7110854,2816844,10.17,4.03
Thailand,01/07/2021,7364585,2862598,10.53,4.09
Thailand,02/07/2021,7640118,2932174,10.92,4.19
Thailand,03/07/2021,7721150,2949747,11.04,4.22
Thailand,04/07/2021,7804654,2973094,11.16,4.25
Thailand,05/07/2021,8022029,3036361,11.47,4.34
Thailand,06/07/2021,8245297,3082746,11.79,4.41
Thailand,07/07/2021,8494230,3125388,12.14,4.47
Thailand,08/07/2021,8800155,3175841,12.58,4.54
Thailand,09/07/2021,9130526,3245378,13.05,4.64
Thailand,10/07/2021,9213598,3255590,13.17,4.65
Thailand,11/07/2021,9301407,3267806,13.3,4.67
Thailand,12/07/2021,9598949,3309244,13.72,4.73
Thailand,13/07/2021,9888124,3342557,14.14,4.78
Thailand,14/07/2021,10163340,3370377,14.53,4.82
Thailand,15/07/2021,10424355,3398430,14.9,4.86
Thailand,16/07/2021,10697489,3432911,15.29,4.91
Thailand,17/07/2021,10780762,3443330,15.41,4.92
Thailand,18/07/2021,10850099,3448497,15.51,4.93
Thailand,19/07/2021,11067518,3479726,15.82,4.97
Thailand,20/07/2021,11292579,3512541,16.14,5.02
Thailand,21/07/2021,11538866,3545830,16.5,5.07
Thailand,22/07/2021,11805180,3583759,16.88,5.12
Thailand,23/07/2021,12109424,3632394,17.31,5.19
Thailand,24/07/2021,12226845,3642999,17.48,5.21
Thailand,25/07/2021,12307788,3652990,17.59,5.22
Thailand,26/07/2021,12429925,3669745,17.77,5.25
Thailand,27/07/2021,12714312,3712747,18.18,5.31
Thailand,28/07/2021,12858570,3732759,18.38,5.34
Thailand,29/07/2021,13225233,3786244,18.91,5.41
Thailand,30/07/2021,13640179,3851453,19.5,5.51
Thailand,31/07/2021,13802916,3883058,19.73,5.55
Thailand,01/08/2021,13955087,3911439,19.95,5.59
Thailand,02/08/2021,14207477,3991348,20.31,5.71
Thailand,03/08/2021,14492385,4085711,20.72,5.84
Thailand,04/08/2021,14783001,4178702,21.13,5.97
Thailand,05/08/2021,15180276,4277071,21.7,6.11
Thailand,06/08/2021,15687291,4406723,22.43,6.3
Thailand,07/08/2021,15843283,4438168,22.65,6.34
Thailand,08/08/2021,15986354,4461861,22.85,6.38
Thailand,09/08/2021,16336743,4566345,23.35,6.53
Thailand,10/08/2021,16701428,4692030,23.88,6.71
Thailand,11/08/2021,17068105,4826641,24.4,6.9
Thailand,12/08/2021,17239593,4855000,24.65,6.94
Thailand,13/08/2021,17696114,5033568,25.3,7.2
Thailand,15/08/2021,17996826,5109476,25.73,7.3
Thailand,16/08/2021,18370997,5228157,26.26,7.47
Thailand,17/08/2021,18726405,5381676,26.77,7.69
Thailand,18/08/2021,19143574,5503882,27.37,7.87
Thailand,19/08/2021,19586009,5705200,28,8.16
Thailand,20/08/2021,19973692,5920614,28.55,8.46
Thailand,21/08/2021,20272171,6017820,28.98,8.6
Thailand,22/08/2021,20430028,6065003,29.21,8.67
Thailand,23/08/2021,20830673,6230511,29.78,8.91
Thailand,24/08/2021,21231498,6405537,30.35,9.16
Thailand,25/08/2021,21669955,6596785,30.98,9.43
Thailand,26/08/2021,22070573,6860084,31.55,9.81
Thailand,27/08/2021,22617701,7221368,32.33,10.32
Thailand,28/08/2021,22807078,7287885,32.6,10.42
Thailand,29/08/2021,23018371,7350348,32.91,10.51
Thailand,30/08/2021,23401465,7780973,33.45,11.12
Thailand,01/09/2021,23795098,8212750,34.02,11.74
Thailand,02/09/2021,24147532,8684695,34.52,12.42
Thailand,03/09/2021,24542140,9152799,35.08,13.08
Thailand,04/09/2021,24918054,9698842,35.62,13.87
Thailand,05/09/2021,25104942,9879371,35.89,14.12
Thailand,06/09/2021,25234259,10074612,36.07,14.4
Thailand,07/09/2021,25554456,10475325,36.53,14.98
Thailand,08/09/2021,25954106,10900001,37.1,15.58
Thailand,09/09/2021,26292211,11272593,37.59,16.12
Thailand,10/09/2021,26631261,11630996,38.07,16.63
Thailand,11/09/2021,26954546,12063643,38.53,17.25
Thailand,12/09/2021,27194487,12251011,38.88,17.51
Thailand,13/09/2021,27303700,12357581,39.03,17.67
Thailand,14/09/2021,27540743,12795707,39.37,18.29
Thailand,15/09/2021,27769095,13260456,39.7,18.96
Thailand,16/09/2021,28085202,13773184,40.15,19.69
Thailand,17/09/2021,28436015,14285995,40.65,20.42
Thailand,18/09/2021,28611321,14657681,40.9,20.95
Thailand,19/09/2021,28893133,14971317,41.3,21.4
Thailand,20/09/2021,29002572,15118015,41.46,21.61
Thailand,21/09/2021,29201077,15388071,41.75,22
Thailand,22/09/2021,29501110,15899158,42.17,22.73
Thailand,05/10/2021,33243525,21162251,47.52,30.25
Thailand,06/10/2021,33505887,21595916,47.9,30.87
Thailand,07/10/2021,33774684,22005722,48.28,31.46
Thailand,08/10/2021,34188488,22460213,48.88,32.11
Thailand,09/10/2021,34668552,22949256,49.56,32.81
Thailand,10/10/2021,34782627,23055555,49.72,32.96
Thailand,11/10/2021,35093892,23400992,50.17,33.45
Thailand,12/10/2021,35462170,23796497,50.7,34.02
Thailand,13/10/2021,35895984,24282686,51.32,34.71
Thailand,14/10/2021,36239806,24502527,51.81,35.03
Thailand,15/10/2021,36721779,25012380,52.5,35.76
Thailand,16/10/2021,36955020,25287543,52.83,36.15
Thailand,17/10/2021,37446713,25825201,53.53,36.92
Thailand,18/10/2021,37684728,26042573,53.87,37.23
Thailand,19/10/2021,38137096,26474522,54.52,37.85
Thailand,20/10/2021,38611193,26959785,55.2,38.54
Thailand,21/10/2021,39039849,27405800,55.81,39.18
Thailand,22/10/2021,39358277,27774180,56.27,39.71
Thailand,23/10/2021,39708520,28106044,56.77,40.18
Thailand,24/10/2021,39881034,28276165,57.01,40.42
Thailand,25/10/2021,39999692,28372531,57.18,40.56
Thailand,26/10/2021,40346281,28713904,57.68,41.05
Thailand,27/10/2021,40717544,29115651,58.21,41.62
Thailand,28/10/2021,41075152,29469487,58.72,42.13
Thailand,29/10/2021,41495703,29881984,59.32,42.72
Thailand,30/10/2021,41924824,30409329,59.93,43.47
Thailand,31/10/2021,42247135,30743399,60.4,43.95
Thailand,01/11/2021,42388465,30911219,60.6,44.19
Thailand,02/11/2021,42548483,31244587,60.83,44.67
Thailand,03/11/2021,42815600,31730365,61.21,45.36
Thailand,04/11/2021,43112788,32223467,61.63,46.07
Thailand,05/11/2021,43403391,32726021,62.05,46.78
Thailand,06/11/2021,43694336,33263737,62.46,47.55
Thailand,07/11/2021,43914118,33719280,62.78,48.2
Thailand,08/11/2021,43990610,33912537,62.89,48.48
Thailand,09/11/2021,44116509,34240355,63.07,48.95
Thailand,10/11/2021,44355673,34760830,63.41,49.69
Thailand,11/11/2021,44579576,35277108,63.73,50.43
Thailand,12/11/2021,44809613,35800674,64.06,51.18
Thailand,13/11/2021,45069302,36281904,64.43,51.87
Thailand,14/11/2021,45204553,36504141,64.62,52.19
Thailand,15/11/2021,45374194,36855732,64.87,52.69
Thailand,16/11/2021,45488767,37114546,65.03,53.06
Thailand,17/11/2021,45700036,37527295,65.33,53.65
Thailand,18/11/2021,46005152,37939622,65.77,54.24
Thailand,20/11/2021,46473004,38836504,66.44,55.52
Thailand,21/11/2021,46646938,39101640,66.69,55.9
Thailand,22/11/2021,46718014,39202716,66.79,56.04
Thailand,23/11/2021,46836876,39403769,66.96,56.33
Thailand,24/11/2021,47034024,39724270,67.24,56.79
Thailand,25/11/2021,47233526,40056072,67.52,57.26
Thailand,26/11/2021,47331644,40202745,67.66,57.47
Thailand,27/11/2021,47650767,40737473,68.12,58.24
Thailand,28/11/2021,47847646,40963885,68.4,58.56
Thailand,29/11/2021,47963180,41053644,68.57,58.69
Thailand,01/12/2021,48307704,41485442,69.06,59.31
Thailand,02/12/2021,48525815,41732668,69.37,59.66
Thailand,04/12/2021,49129722,42419455,70.23,60.64
Thailand,06/12/2021,49223323,42473758,70.37,60.72
Thailand,11/12/2021,49859697,43234343,71.28,61.81
Thailand,13/12/2021,49923276,43333522,71.37,61.95
Thailand,15/12/2021,50095106,43643486,71.61,62.39
Vietnam,14/05/2021,948655,21042,0.97,0.02
Vietnam,15/05/2021,954520,22512,0.97,0.02
Vietnam,16/05/2021,956677,22561,0.97,0.02
Vietnam,18/05/2021,982543,28852,1,0.03
Vietnam,22/05/2021,998698,28961,1.02,0.03
Vietnam,26/05/2021,1005906,28961,1.02,0.03
Vietnam,31/05/2021,1071497,30602,1.09,0.03
Vietnam,02/06/2021,1078934,31177,1.1,0.03
Vietnam,03/06/2021,1124505,31551,1.15,0.03
Vietnam,04/06/2021,1185206,32401,1.21,0.03
Vietnam,05/06/2021,1209672,33632,1.23,0.03
Vietnam,06/06/2021,1214916,33643,1.24,0.03
Vietnam,07/06/2021,1301932,38166,1.33,0.04
Vietnam,08/06/2021,1312741,42115,1.34,0.04
Vietnam,09/06/2021,1342708,47179,1.37,0.05
Vietnam,10/06/2021,1361525,50023,1.39,0.05
Vietnam,11/06/2021,1392596,53127,1.42,0.05
Vietnam,12/06/2021,1399836,54385,1.43,0.06
Vietnam,13/06/2021,1443058,55265,1.47,0.06
Vietnam,14/06/2021,1493043,59608,1.52,0.06
Vietnam,15/06/2021,1584436,63636,1.61,0.06
Vietnam,16/06/2021,1700972,72325,1.73,0.07
Vietnam,17/06/2021,1901226,89833,1.94,0.09
Vietnam,18/06/2021,2127352,105856,2.17,0.11
Vietnam,19/06/2021,2244061,115315,2.29,0.12
Vietnam,20/06/2021,2300960,121683,2.34,0.12
Vietnam,22/06/2021,2435313,133843,2.48,0.14
Vietnam,23/06/2021,2488655,137682,2.54,0.14
Vietnam,24/06/2021,2777127,143121,2.83,0.15
Vietnam,25/06/2021,2937264,150316,2.99,0.15
Vietnam,26/06/2021,3143744,155488,3.2,0.16
Vietnam,27/06/2021,3229471,157136,3.29,0.16
Vietnam,28/06/2021,3324110,172994,3.39,0.18
Vietnam,29/06/2021,3411489,182481,3.48,0.19
Vietnam,30/06/2021,3583939,193041,3.65,0.2
Vietnam,01/07/2021,3609761,204006,3.68,0.21
Vietnam,02/07/2021,3628241,214405,3.7,0.22
Vietnam,03/07/2021,3648805,218602,3.72,0.22
Vietnam,04/07/2021,3667519,223336,3.74,0.23
Vietnam,05/07/2021,3676247,226858,3.74,0.23
Vietnam,06/07/2021,3692431,235570,3.76,0.24
Vietnam,07/07/2021,3719043,241913,3.79,0.25
Vietnam,08/07/2021,3734268,249532,3.8,0.25
Vietnam,09/07/2021,3752512,258274,3.82,0.26
Vietnam,10/07/2021,3769374,271409,3.84,0.28
Vietnam,11/07/2021,3774138,277447,3.84,0.28
Vietnam,12/07/2021,3783505,280367,3.85,0.29
Vietnam,13/07/2021,3795182,283884,3.87,0.29
Vietnam,14/07/2021,3859995,286772,3.93,0.29
Vietnam,15/07/2021,3890947,294676,3.96,0.3
Vietnam,16/07/2021,3935719,298177,4.01,0.3
Vietnam,17/07/2021,3956254,304998,4.03,0.31
Vietnam,18/07/2021,3977431,306475,4.05,0.31
Vietnam,19/07/2021,3995710,309791,4.07,0.32
Vietnam,20/07/2021,4019161,317672,4.09,0.32
Vietnam,21/07/2021,4042984,324955,4.12,0.33
Vietnam,22/07/2021,4077099,334560,4.15,0.34
Vietnam,23/07/2021,4125156,353601,4.2,0.36
Vietnam,24/07/2021,4163388,372353,4.24,0.38
Vietnam,25/07/2021,4223628,389863,4.3,0.4
Vietnam,26/07/2021,4323571,423071,4.4,0.43
Vietnam,27/07/2021,4562339,450836,4.65,0.46
Vietnam,28/07/2021,4825209,496630,4.92,0.51
Vietnam,29/07/2021,4983496,546402,5.08,0.56
Vietnam,30/07/2021,5342483,588893,5.44,0.6
Vietnam,31/07/2021,5583255,620611,5.69,0.63
Vietnam,01/08/2021,5756155,659064,5.86,0.67
Vietnam,02/08/2021,6246333,712864,6.36,0.73
Vietnam,03/08/2021,6547477,744331,6.67,0.76
Vietnam,04/08/2021,6774332,778986,6.9,0.79
Vietnam,05/08/2021,7241093,820023,7.38,0.84
Vietnam,06/08/2021,7664944,863323,7.81,0.88
Vietnam,07/08/2021,8008156,888459,8.16,0.91
Vietnam,08/08/2021,8460013,945806,8.62,0.96
Vietnam,09/08/2021,8984300,1003287,9.15,1.02
Vietnam,10/08/2021,10305762,1036102,10.5,1.06
Vietnam,11/08/2021,11006121,1092700,11.21,1.11
Vietnam,12/08/2021,12064617,1191855,12.29,1.21
Vietnam,13/08/2021,12500947,1271973,12.73,1.3
Vietnam,14/08/2021,13078340,1355677,13.32,1.38
Vietnam,15/08/2021,13287434,1379274,13.54,1.41
Vietnam,16/08/2021,13869728,1401834,14.13,1.43
Vietnam,17/08/2021,14032444,1486425,14.29,1.51
Vietnam,18/08/2021,14359868,1562669,14.63,1.59
Vietnam,19/08/2021,14669827,1636372,14.94,1.67
Vietnam,20/08/2021,14787599,1707066,15.06,1.74
Vietnam,21/08/2021,15274648,1791248,15.56,1.82
Vietnam,22/08/2021,15530221,1834348,15.82,1.87
Vietnam,23/08/2021,15725040,1922313,16.02,1.96
Vietnam,24/08/2021,16056222,2039251,16.36,2.08
Vietnam,25/08/2021,16382658,2139545,16.69,2.18
Vietnam,26/08/2021,16607991,2235013,16.92,2.28
Vietnam,27/08/2021,16822691,2328431,17.14,2.37
Vietnam,28/08/2021,16999888,2431205,17.32,2.48
Vietnam,29/08/2021,17186153,2524407,17.51,2.57
Vietnam,30/08/2021,17347538,2619186,17.67,2.67
Vietnam,31/08/2021,17483818,2726563,17.81,2.78
Vietnam,01/09/2021,17660772,2881553,17.99,2.94
Vietnam,02/09/2021,17872356,2959122,18.21,3.01
Vietnam,03/09/2021,17998754,3047525,18.33,3.1
Vietnam,04/09/2021,18246636,3198545,18.59,3.26
Vietnam,05/09/2021,18673340,3338783,19.02,3.4
Vietnam,06/09/2021,19231238,3444406,19.59,3.51
Vietnam,07/09/2021,19809234,3768683,20.18,3.84
Vietnam,08/09/2021,20591403,4189782,20.98,4.27
Vietnam,09/09/2021,21459102,4467586,21.86,4.55
Vietnam,10/09/2021,22367824,4740764,22.79,4.83
Vietnam,11/09/2021,23157067,5056325,23.59,5.15
Vietnam,12/09/2021,23954248,5326059,24.4,5.43
Vietnam,13/09/2021,24727517,5621403,25.19,5.73
Vietnam,14/09/2021,25420169,5834687,25.89,5.94
Vietnam,15/09/2021,26307653,5988864,26.8,6.1
Vietnam,16/09/2021,26821906,6184726,27.32,6.3
Vietnam,17/09/2021,27208264,6347095,27.72,6.47
Vietnam,18/09/2021,27577472,6517771,28.09,6.64
Vietnam,19/09/2021,27913529,6640061,28.43,6.76
Vietnam,20/09/2021,28288007,6783707,28.82,6.91
Vietnam,21/09/2021,28745680,6930160,29.28,7.06
Vietnam,22/09/2021,29094447,7058109,29.64,7.19
Vietnam,23/09/2021,29534498,7259412,30.09,7.39
Vietnam,24/09/2021,30027703,7555545,30.59,7.7
Vietnam,25/09/2021,30420963,7946283,30.99,8.09
Vietnam,26/09/2021,30946214,8286558,31.52,8.44
Vietnam,27/09/2021,31497967,8597064,32.09,8.76
Vietnam,28/09/2021,32171641,8981400,32.77,9.15
Vietnam,29/09/2021,32669057,9496111,33.28,9.67
Vietnam,30/09/2021,33069709,9818448,33.69,10
Vietnam,01/10/2021,33532395,10126423,34.16,10.32
Vietnam,02/10/2021,34155519,10482392,34.79,10.68
Vietnam,03/10/2021,34622194,10873929,35.27,11.08
Vietnam,04/10/2021,35355593,11613917,36.02,11.83
Vietnam,05/10/2021,35933360,12221677,36.6,12.45
Vietnam,06/10/2021,36448527,12806398,37.13,13.05
Vietnam,07/10/2021,,,,
Vietnam,08/10/2021,37725480,14242628,38.43,14.51
Vietnam,09/10/2021,,,,
Vietnam,10/10/2021,38698136,15581428,39.42,15.87
Vietnam,11/10/2021,39088086,16141038,39.82,16.44
Vietnam,12/10/2021,39837150,16493600,40.58,16.8
Vietnam,13/10/2021,40654892,16802200,41.41,17.12
Vietnam,14/10/2021,41811429,17191810,42.59,17.51
Vietnam,15/10/2021,,,,
Vietnam,16/10/2021,44070286,17849651,44.89,18.18
Vietnam,17/10/2021,45281937,18152243,46.13,18.49
Vietnam,18/10/2021,46493751,18498737,47.36,18.84
Vietnam,19/10/2021,47997541,19086016,48.89,19.44
Vietnam,20/10/2021,49352317,19457563,50.27,19.82
Vietnam,21/10/2021,,,,
Vietnam,22/10/2021,51157792,20731417,52.11,21.12
Vietnam,23/10/2021,51883474,21045837,52.85,21.44
Vietnam,24/10/2021,,,,
Vietnam,25/10/2021,53125886,,54.12,
Vietnam,26/10/2021,53738466,,54.74,
Vietnam,27/10/2021,54520772,,55.54,
Vietnam,28/10/2021,55578783,,56.62,
Vietnam,29/10/2021,56616780,,57.67,
Vietnam,30/10/2021,57044159,,58.11,
Vietnam,31/10/2021,57332644,,58.4,
Vietnam,01/11/2021,58013895,,59.1,
Vietnam,02/11/2021,58449622,,59.54,
Vietnam,03/11/2021,58807646,,59.9,
Vietnam,04/11/2021,59355699,,60.46,
Vietnam,05/11/2021,,,,
Vietnam,06/11/2021,60845405,,61.98,
Vietnam,07/11/2021,,,,
Vietnam,08/11/2021,61907563,,63.06,
Vietnam,09/11/2021,62806992,,63.98,
Vietnam,10/11/2021,,,,
Vietnam,11/11/2021,63682168,,64.87,
Vietnam,12/11/2021,64073710,,65.27,
Vietnam,13/11/2021,64322087,,65.52,
Vietnam,14/11/2021,64467940,,65.67,
Vietnam,15/11/2021,64767521,,65.98,
Vietnam,16/11/2021,65222953,,66.44,
Vietnam,17/11/2021,65772961,,67,
Vietnam,18/11/2021,,,,
Vietnam,19/11/2021,66483363,,67.72,
Vietnam,20/11/2021,66706890,,67.95,
Vietnam,21/11/2021,66916471,,68.16,
Vietnam,22/11/2021,67337689,,68.59,
Vietnam,23/11/2021,67824005,,69.09,
Vietnam,24/11/2021,68490909,,69.77,
Vietnam,25/11/2021,68934236,,70.22,
Vietnam,26/11/2021,69309495,,70.6,
Vietnam,27/11/2021,69747303,,71.05,
Vietnam,28/11/2021,70958765,,72.28,
Vietnam,29/11/2021,71143392,,72.47,
Vietnam,30/11/2021,,,,
Vietnam,01/12/2021,72427696,,73.78,
Vietnam,02/12/2021,72731280,53224715,74.09,54.22
Vietnam,03/12/2021,73155299,,74.52,
Vietnam,04/12/2021,,,,
Vietnam,05/12/2021,73393169,,74.76,
Vietnam,06/12/2021,73663229,,75.04,
Vietnam,07/12/2021,73899767,,75.28,
Vietnam,08/12/2021,74039917,,75.42,
Vietnam,09/12/2021,74550657,,75.94,
Vietnam,10/12/2021,74713350,,76.11,
Vietnam,11/12/2021,74832161,,76.23,
Vietnam,12/12/2021,74907297,,76.3,
Vietnam,13/12/2021,,,,
Vietnam,14/12/2021,75140181,,76.54,
Vietnam,15/12/2021,,,,
Vietnam,16/12/2021,,,,
Indonesia,24/01/2021,149242,,0.05,
Indonesia,25/01/2021,161959,,0.06,
Indonesia,26/01/2021,245685,,0.09,
Indonesia,27/01/2021,308003,,0.11,
Indonesia,28/01/2021,368318,5468,0.13,0
Indonesia,29/01/2021,405012,11287,0.15,0
Indonesia,30/01/2021,482145,20810,0.17,0.01
Indonesia,31/01/2021,493133,22548,0.18,0.01
Indonesia,01/02/2021,539532,35406,0.2,0.01
Indonesia,02/02/2021,596260,51999,0.22,0.02
Indonesia,03/02/2021,646026,71621,0.23,0.03
Indonesia,04/02/2021,700266,96553,0.25,0.03
Indonesia,05/02/2021,744884,120725,0.27,0.04
Indonesia,06/02/2021,777096,137207,0.28,0.05
Indonesia,07/02/2021,784318,139131,0.28,0.05
Indonesia,08/02/2021,814585,171270,0.29,0.06
Indonesia,09/02/2021,845407,221453,0.31,0.08
Indonesia,10/02/2021,969546,279251,0.35,0.1
Indonesia,11/02/2021,1017186,345605,0.37,0.13
Indonesia,12/02/2021,,,,
Indonesia,13/02/2021,1060326,415486,0.38,0.15
Indonesia,14/02/2021,1068747,425578,0.39,0.15
Indonesia,15/02/2021,1096095,482625,0.4,0.17
Indonesia,16/02/2021,1120963,537147,0.41,0.19
Indonesia,17/02/2021,1149939,597328,0.42,0.22
Indonesia,18/02/2021,1164144,623832,0.42,0.23
Indonesia,19/02/2021,,,,
Indonesia,20/02/2021,1224091,732634,0.44,0.27
Indonesia,21/02/2021,,,,
Indonesia,22/02/2021,,,,
Indonesia,23/02/2021,1269905,789966,0.46,0.29
Indonesia,24/02/2021,1363138,825650,0.49,0.3
Indonesia,25/02/2021,1461920,853745,0.53,0.31
Indonesia,26/02/2021,1583581,865870,0.57,0.31
Indonesia,27/02/2021,1616165,982370,0.58,0.36
Indonesia,28/02/2021,1691724,998439,0.61,0.36
Indonesia,01/03/2021,,,,
Indonesia,02/03/2021,1968057,1055291,0.71,0.38
Indonesia,03/03/2021,2286123,1100228,0.83,0.4
Indonesia,04/03/2021,,,,
Indonesia,05/03/2021,2413615,1114537,0.87,0.4
Indonesia,06/03/2021,,,,
Indonesia,07/03/2021,2888757,1133787,1.05,0.41
Indonesia,08/03/2021,,,,
Indonesia,09/03/2021,,,,
Indonesia,10/03/2021,3574698,1262878,1.29,0.46
Indonesia,11/03/2021,3696059,1295615,1.34,0.47
Indonesia,12/03/2021,3769174,1339362,1.36,0.48
Indonesia,13/03/2021,3985596,1454836,1.44,0.53
Indonesia,14/03/2021,4020124,1460222,1.45,0.53
Indonesia,15/03/2021,4166862,1572786,1.51,0.57
Indonesia,16/03/2021,4468951,1716749,1.62,0.62
Indonesia,17/03/2021,4705248,1876140,1.7,0.68
Indonesia,18/03/2021,4838752,1948531,1.75,0.71
Indonesia,19/03/2021,5124948,2221200,1.85,0.8
Indonesia,20/03/2021,5533379,2301978,2,0.83
Indonesia,21/03/2021,5567280,2312601,2.01,0.84
Indonesia,22/03/2021,5732210,2494422,2.07,0.9
Indonesia,23/03/2021,6389837,2941016,2.31,1.06
Indonesia,24/03/2021,,,,
Indonesia,25/03/2021,6730456,3015190,2.44,1.09
Indonesia,26/03/2021,7179014,3233810,2.6,1.17
Indonesia,27/03/2021,7190663,3235027,2.6,1.17
Indonesia,28/03/2021,7435851,3330639,2.69,1.21
Indonesia,29/03/2021,,,,
Indonesia,30/03/2021,,,,
Indonesia,31/03/2021,8010163,3664708,2.9,1.33
Indonesia,01/04/2021,8371577,3854451,3.03,1.39
Indonesia,02/04/2021,8424729,3867762,3.05,1.4
Indonesia,03/04/2021,,,,
Indonesia,04/04/2021,8634321,4014803,3.12,1.45
Indonesia,05/04/2021,,,,
Indonesia,06/04/2021,9021106,4431504,3.26,1.6
Indonesia,07/04/2021,,,,
Indonesia,08/04/2021,9374089,4697396,3.39,1.7
Indonesia,09/04/2021,,,,
Indonesia,10/04/2021,10002901,5079048,3.62,1.84
Indonesia,11/04/2021,,,,
Indonesia,12/04/2021,10280073,5322501,3.72,1.93
Indonesia,13/04/2021,10377734,5433715,3.76,1.97
Indonesia,14/04/2021,10457337,5550906,3.78,2.01
Indonesia,15/04/2021,10781266,5717460,3.9,2.07
Indonesia,16/04/2021,,,,
Indonesia,17/04/2021,10801563,5890790,3.91,2.13
Indonesia,18/04/2021,,,,
Indonesia,19/04/2021,10972343,6052612,3.97,2.19
Indonesia,20/04/2021,11116253,6158748,4.02,2.23
Indonesia,21/04/2021,11302294,6341931,4.09,2.29
Indonesia,22/04/2021,11432711,6488197,4.14,2.35
Indonesia,23/04/2021,11623251,6699327,4.21,2.42
Indonesia,24/04/2021,,,,
Indonesia,25/04/2021,11741559,6829415,4.25,2.47
Indonesia,26/04/2021,11844579,6998304,4.29,2.53
Indonesia,27/04/2021,12015912,7214534,4.35,2.61
Indonesia,28/04/2021,12150377,7411095,4.4,2.68
Indonesia,29/04/2021,12306755,7583443,4.45,2.74
Indonesia,30/04/2021,12422253,7646284,4.49,2.77
Indonesia,01/05/2021,,,,
Indonesia,02/05/2021,12469406,7703110,4.51,2.79
Indonesia,03/05/2021,,,,
Indonesia,04/05/2021,12699568,8002236,4.6,2.9
Indonesia,05/05/2021,,,,
Indonesia,06/05/2021,13028699,8339055,4.71,3.02
Indonesia,07/05/2021,13180814,8486054,4.77,3.07
Indonesia,08/05/2021,,,,
Indonesia,09/05/2021,13349469,8643830,4.83,3.13
Indonesia,10/05/2021,,,,
Indonesia,11/05/2021,13647777,8888529,4.94,3.22
Indonesia,12/05/2021,,,,
Indonesia,13/05/2021,13697256,8919949,4.96,3.23
Indonesia,14/05/2021,13700389,8921978,4.96,3.23
Indonesia,15/05/2021,,,,
Indonesia,16/05/2021,13745160,8975937,4.97,3.25
Indonesia,17/05/2021,13828102,9093965,5,3.29
Indonesia,18/05/2021,13985952,9276187,5.06,3.36
Indonesia,19/05/2021,,,,
Indonesia,20/05/2021,14452878,9580546,5.23,3.47
Indonesia,21/05/2021,14685236,9746522,5.31,3.53
Indonesia,22/05/2021,,,,
Indonesia,23/05/2021,14909734,9881024,5.4,3.58
Indonesia,24/05/2021,14919592,9906629,5.4,3.58
Indonesia,25/05/2021,15546158,10236019,5.63,3.7
Indonesia,30/05/2021,16304700,10584489,5.9,3.83
Indonesia,31/05/2021,16413672,10631835,5.94,3.85
Indonesia,01/06/2021,16594581,10714300,6,3.88
Indonesia,02/06/2021,16766263,10852984,6.07,3.93
Indonesia,03/06/2021,17042850,10984900,6.17,3.97
Indonesia,04/06/2021,17416321,11070389,6.3,4.01
Indonesia,05/06/2021,17581464,11121469,6.36,4.02
Indonesia,06/06/2021,17643603,11126757,6.38,4.03
Indonesia,07/06/2021,17775918,11197069,6.43,4.05
Indonesia,08/06/2021,18260482,11356025,6.61,4.11
Indonesia,09/06/2021,18718769,11436259,6.77,4.14
Indonesia,10/06/2021,19211433,11488917,6.95,4.16
Indonesia,11/06/2021,19669968,11525638,7.12,4.17
Indonesia,12/06/2021,20044187,11559138,7.25,4.18
Indonesia,13/06/2021,20158937,11568443,7.29,4.19
Indonesia,14/06/2021,20424048,11615862,7.39,4.2
Indonesia,15/06/2021,20904723,11699021,7.56,4.23
Indonesia,16/06/2021,21448774,11815618,7.76,4.28
Indonesia,17/06/2021,21999256,11963130,7.96,4.33
Indonesia,18/06/2021,22455167,12096066,8.13,4.38
Indonesia,19/06/2021,22873342,12212906,8.28,4.42
Indonesia,20/06/2021,23043372,12239706,8.34,4.43
Indonesia,21/06/2021,23530219,12398428,8.51,4.49
Indonesia,22/06/2021,23998166,12583389,8.68,4.55
Indonesia,23/06/2021,24358856,12640041,8.81,4.57
Indonesia,24/06/2021,24929442,12769789,9.02,4.62
Indonesia,25/06/2021,25482036,12912623,9.22,4.67
Indonesia,26/06/2021,26032131,13018524,9.42,4.71
Indonesia,27/06/2021,27200222,13115761,9.84,4.75
Indonesia,28/06/2021,27419898,13182034,9.92,4.77
Indonesia,29/06/2021,28671106,13369395,10.37,4.84
Indonesia,30/06/2021,29279142,13465499,10.59,4.87
Indonesia,01/07/2021,30483730,13677230,11.03,4.95
Indonesia,02/07/2021,30891821,13770107,11.18,4.98
Indonesia,03/07/2021,31573240,13922732,11.42,5.04
Indonesia,04/07/2021,32063745,13979564,11.6,5.06
Indonesia,05/07/2021,32302268,14035934,11.69,5.08
Indonesia,06/07/2021,33176029,14267980,12,5.16
Indonesia,07/07/2021,34039797,14443813,12.32,5.23
Indonesia,08/07/2021,34860686,14622502,12.61,5.29
Indonesia,09/07/2021,35775567,14868577,12.95,5.38
Indonesia,10/07/2021,36193076,14969330,13.1,5.42
Indonesia,11/07/2021,36267019,15011348,13.12,5.43
Indonesia,12/07/2021,36368191,15036468,13.16,5.44
Indonesia,13/07/2021,36395019,15038548,13.17,5.44
Indonesia,14/07/2021,38909433,15611554,14.08,5.65
Indonesia,15/07/2021,39943004,15876777,14.45,5.74
Indonesia,16/07/2021,40912440,16098999,14.8,5.83
Indonesia,17/07/2021,41268627,16217855,14.93,5.87
Indonesia,18/07/2021,41673464,16274150,15.08,5.89
Indonesia,19/07/2021,42095531,16400351,15.23,5.93
Indonesia,20/07/2021,42360779,16453805,15.33,5.95
Indonesia,21/07/2021,42611602,16606675,15.42,6.01
Indonesia,22/07/2021,43471431,17012830,15.73,6.16
Indonesia,23/07/2021,43932287,17253709,15.9,6.24
Indonesia,24/07/2021,44107926,17475996,15.96,6.32
Indonesia,25/07/2021,44469974,17906504,16.09,6.48
Indonesia,26/07/2021,44728320,18129878,16.18,6.56
Indonesia,27/07/2021,45278549,18666343,16.38,6.75
Indonesia,28/07/2021,45734912,19103162,16.55,6.91
Indonesia,29/07/2021,46289942,19669222,16.75,7.12
Indonesia,30/07/2021,46805993,20146421,16.94,7.29
Indonesia,31/07/2021,47226514,20534823,17.09,7.43
Indonesia,01/08/2021,47478168,20673079,17.18,7.48
Indonesia,02/08/2021,47686483,20934425,17.26,7.58
Indonesia,03/08/2021,48106208,21436908,17.41,7.76
Indonesia,04/08/2021,48494768,21976626,17.55,7.95
Indonesia,05/08/2021,48834123,22210379,17.67,8.04
Indonesia,06/08/2021,49391058,22891824,17.87,8.28
Indonesia,07/08/2021,49801823,23345264,18.02,8.45
Indonesia,08/08/2021,50497940,23777323,18.27,8.6
Indonesia,09/08/2021,51181322,24481296,18.52,8.86
Indonesia,10/08/2021,51759158,25174788,18.73,9.11
Indonesia,11/08/2021,52373483,25788857,18.95,9.33
Indonesia,12/08/2021,52615930,26438281,19.04,9.57
Indonesia,15/08/2021,53573831,28037059,19.39,10.15
Indonesia,16/08/2021,54382680,28524986,19.68,10.32
Indonesia,17/08/2021,54982550,29159049,19.9,10.55
Indonesia,18/08/2021,55192494,29403345,19.97,10.64
Indonesia,19/08/2021,56045931,30368525,20.28,10.99
Indonesia,20/08/2021,56504055,30753137,20.45,11.13
Indonesia,21/08/2021,56986150,31210922,20.62,11.29
Indonesia,22/08/2021,57339307,31601868,20.75,11.43
Indonesia,23/08/2021,57779716,32046224,20.91,11.6
Indonesia,24/08/2021,58468810,32640998,21.16,11.81
Indonesia,25/08/2021,59011333,33094505,21.35,11.98
Indonesia,26/08/2021,59426934,33357249,21.5,12.07
Indonesia,27/08/2021,60435555,34121203,21.87,12.35
Indonesia,28/08/2021,61222258,34702821,22.15,12.56
Indonesia,29/08/2021,61654676,34858000,22.31,12.61
Indonesia,30/08/2021,62624397,35525269,22.66,12.85
Indonesia,31/08/2021,63111288,35855211,22.84,12.97
Indonesia,01/09/2021,64229890,36454433,23.24,13.19
Indonesia,02/09/2021,65229678,37155330,23.6,13.44
Indonesia,03/09/2021,65957151,37722478,23.87,13.65
Indonesia,04/09/2021,66353669,38030652,24.01,13.76
Indonesia,05/09/2021,66782673,38223153,24.16,13.83
Indonesia,06/09/2021,67827361,38849803,24.54,14.06
Indonesia,07/09/2021,68208588,39165980,24.68,14.17
Indonesia,08/09/2021,69194539,39721571,25.04,14.37
Indonesia,09/09/2021,70322560,40362820,25.45,14.61
Indonesia,10/09/2021,71175259,40867993,25.75,14.79
Indonesia,11/09/2021,72248720,41534340,26.14,15.03
Indonesia,12/09/2021,72766195,41734734,26.33,15.1
Indonesia,13/09/2021,73839683,42329062,26.72,15.32
Indonesia,14/09/2021,74257515,42565331,26.87,15.4
Indonesia,15/09/2021,75140724,42962640,27.19,15.55
Indonesia,16/09/2021,76583981,43744152,27.71,15.83
Indonesia,17/09/2021,77417488,44124715,28.01,15.97
Indonesia,18/09/2021,78540519,44716570,28.42,16.18
Indonesia,19/09/2021,79515356,45134194,28.77,16.33
Indonesia,20/09/2021,79657762,45224650,28.82,16.36
Indonesia,21/09/2021,80408744,45853033,29.1,16.59
Indonesia,22/09/2021,82113788,46496177,29.71,16.82
Indonesia,23/09/2021,83248128,46980347,30.12,17
Indonesia,24/09/2021,85015837,47776434,30.76,17.29
Indonesia,25/09/2021,85433518,47996105,30.91,17.37
Indonesia,26/09/2021,85944438,48262870,31.1,17.46
Indonesia,27/09/2021,87742907,49198111,31.75,17.8
Indonesia,28/09/2021,88531137,49655718,32.03,17.97
Indonesia,29/09/2021,89822987,50412993,32.5,18.24
Indonesia,30/09/2021,91079001,51113360,32.96,18.5
Indonesia,01/10/2021,92161001,51750697,33.35,18.73
Indonesia,02/10/2021,93066494,52316566,33.68,18.93
Indonesia,03/10/2021,93780446,52676052,33.93,19.06
Indonesia,04/10/2021,94223690,53006923,34.09,19.18
Indonesia,05/10/2021,94939217,53656921,34.35,19.42
Indonesia,06/10/2021,95781773,54441979,34.66,19.7
Indonesia,07/10/2021,96492154,54959545,34.92,19.89
Indonesia,08/10/2021,98146308,56106006,35.51,20.3
Indonesia,09/10/2021,99373294,56908664,35.96,20.59
Indonesia,10/10/2021,100189038,57522234,36.25,20.81
Indonesia,11/10/2021,100322375,57607200,36.3,20.84
Indonesia,12/10/2021,101362894,58405580,36.68,21.13
Indonesia,13/10/2021,102685817,59411498,37.16,21.5
Indonesia,14/10/2021,104308702,60422073,37.74,21.86
Indonesia,15/10/2021,105464686,61397055,38.16,22.22
Indonesia,16/10/2021,106669970,62166916,38.6,22.49
Indonesia,17/10/2021,107503228,62732568,38.9,22.7
Indonesia,18/10/2021,107981016,63188800,39.07,22.86
Indonesia,19/10/2021,109005627,64008898,39.44,23.16
Indonesia,20/10/2021,109796866,64622692,39.73,23.38
Indonesia,21/10/2021,110406777,65173148,39.95,23.58
Indonesia,22/10/2021,111496041,66316667,40.34,24
Indonesia,23/10/2021,112271928,67165732,40.62,24.3
Indonesia,24/10/2021,113032768,67915440,40.9,24.57
Indonesia,25/10/2021,113424379,68264009,41.04,24.7
Indonesia,26/10/2021,114347101,69130122,41.38,25.01
Indonesia,27/10/2021,115502524,70113618,41.79,25.37
Indonesia,28/10/2021,116620281,71099869,42.2,25.73
Indonesia,29/10/2021,117689114,72061077,42.59,26.07
Indonesia,30/10/2021,119151818,73290688,43.11,26.52
Indonesia,31/10/2021,119662248,73698983,43.3,26.67
Indonesia,01/11/2021,120553182,74444261,43.62,26.94
Indonesia,02/11/2021,120887847,74805667,43.74,27.07
Indonesia,03/11/2021,121975753,75829190,44.14,27.44
Indonesia,04/11/2021,122852096,76687750,44.45,27.75
Indonesia,05/11/2021,123824199,77687838,44.81,28.11
Indonesia,06/11/2021,124156167,78114072,44.93,28.27
Indonesia,07/11/2021,125105963,78994163,45.27,28.58
Indonesia,08/11/2021,125394487,79212475,45.37,28.66
Indonesia,09/11/2021,126459285,80070525,45.76,28.97
Indonesia,10/11/2021,127335266,80954139,46.08,29.29
Indonesia,11/11/2021,128147345,81711099,46.37,29.57
Indonesia,12/11/2021,129089388,82818492,46.71,29.97
Indonesia,13/11/2021,129710190,83418086,46.93,30.18
Indonesia,14/11/2021,130283345,84161759,47.14,30.45
Indonesia,15/11/2021,130616514,84552446,47.26,30.59
Indonesia,16/11/2021,131292871,85370684,47.51,30.89
Indonesia,17/11/2021,132006377,86279716,47.77,31.22
Indonesia,18/11/2021,132073986,86335923,47.79,31.24
Indonesia,19/11/2021,133402051,87960117,48.27,31.83
Indonesia,20/11/2021,134025009,88760197,48.5,32.12
Indonesia,21/11/2021,134418286,89220341,48.64,32.28
Indonesia,22/11/2021,135087931,89892161,48.88,32.53
Indonesia,23/11/2021,136080848,91214986,49.24,33.01
Indonesia,25/11/2021,137505204,93105029,49.76,33.69
Indonesia,27/11/2021,138530231,94339737,50.13,34.14
Indonesia,01/12/2021,140205046,96519346,50.73,34.92
Indonesia,02/12/2021,141503092,98046834,51.2,35.48
Indonesia,03/12/2021,142030970,98623618,51.39,35.69
Indonesia,04/12/2021,142432347,99009581,51.54,35.83
Indonesia,06/12/2021,142700940,99225572,51.64,35.9
Indonesia,07/12/2021,143291352,99825444,51.85,36.12
Indonesia,08/12/2021,143794042,100459272,52.03,36.35
Indonesia,09/12/2021,144446324,101149509,52.27,36.6
Indonesia,10/12/2021,145085912,101794596,52.5,36.83
Indonesia,11/12/2021,146489638,102910182,53.01,37.24
Indonesia,12/12/2021,146875959,103098857,53.15,37.31
Indonesia,14/12/2021,148344215,104522156,53.68,37.82
